,Protein,Calcium,Iron,Magnesium,Phosphorus,Potassium,Sodium,Zinc,Copper,Selenium,Vitamin A,Vitamin C,Thiamin,Riboflavin,Niacin,Folate,Choline,Vitamin E,Cholesterol,Pantothenic acid,Manganese,Biotin
almond,41.34,20.23076923076923,22.666666666666668,63.33333333333333,40.32,15.76595744680851,10.08695652173913,28.72727272727273,107.66666666666667,1.4545454545454546,0.0,0.0,7.833333333333334,71.76923076923077,24.2875,10.5,9.418181818181818,0.0,0.0,0.0,0.0,0.0
amaretto,0.0,0.0,0.0,0.0,0.0,0.0,2.9130434782608696,0.0,0.0,0.0,0.0,0.0,0.0,0.0,0.0,0.0,0.0,0.0,0.0,0.0,0.0,0.0
anchovy,57.78,17.846153846153847,25.722222222222225,16.428571428571427,20.16,11.574468085106384,159.47826086956522,22.18181818181818,37.66666666666667,123.8181818181818,1.3333333333333335,0.0,6.5,27.923076923076923,124.39375,3.25,15.454545454545453,0.0,28.333333333333332,0.0,0.0,0.0
anise,35.2,49.69230769230769,205.55555555555554,40.476190476190474,35.199999999999996,30.638297872340424,0.6956521739130435,48.18181818181818,101.11111111111111,9.090909090909092,1.7777777777777777,23.333333333333332,28.33333333333334,22.307692307692307,19.125,2.5,0.0,0.0,0.0,15.940000000000001,100.0,0.0
apple,0.0,0.0,1.277777777777778,0.0,0.0,2.3404255319148937,0.0,0.0,0.0,0.0,7.222222222222221,3.4444444444444446,0.0,0.0,0.0,0.0,0.0,0.0,0.0,0.0,0.0,0.0
apricot,0.0,0.0,0.0,0.0,0.0,1.5106382978723405,0.26086956521739135,0.0,0.0,0.0,40.88888888888889,19.555555555555557,0.0,0.0,0.0,0.0,0.0,0.0,0.0,0.0,0.0,0.0
artichoke,5.78,1.6153846153846154,3.3888888888888884,10.0,5.84,6.085106382978724,2.608695652173913,3.6363636363636367,14.11111111111111,0.36363636363636365,0.1111111111111111,8.222222222222223,4.166666666666667,6.846153846153847,6.937500000000001,22.25,6.254545454545454,0.0,0.0,0.0,0.0,0.0
arugula,5.64,12.461538461538462,8.222222222222223,0.0,0.0,7.787234042553191,1.2173913043478262,0.0,0.0,0.0,13.333333333333334,16.444444444444446,0.0,0.0,0.0,14.249999999999998,0.0,0.0,0.0,0.0,0.0,0.0
asparagus,4.7,1.8461538461538463,13.055555555555557,0.0,0.0,4.297872340425532,0.0,0.0,0.0,0.0,0.0,0.0,0.0,0.0,0.0,0.0,0.0,0.0,0.0,0.0,0.0,0.0
avocado,3.8,2.6153846153846154,1.9444444444444444,1.6666666666666667,2.48,1.2340425531914894,37.69565217391304,2.272727272727273,1.1111111111111112,2.909090909090909,1.1111111111111112,0.2222222222222222,1.6666666666666667,3.8461538461538463,0.8750000000000001,1.0,0.6545454545454545,0.0,13.333333333333334,0.0,0.0,0.0
bacon,14.279999999999998,0.0,0.0,0.0,0.0,0.0,34.17391304347826,0.0,0.0,0.0,0.0,0.0,0.0,0.0,0.0,0.0,0.0,0.0,23.666666666666668,0.0,0.0,0.0
banana,25.0,9.615384615384617,6.222222222222222,0.0,0.0,0.0,25.82608695652174,0.0,0.0,0.0,0.0,16.666666666666664,0.0,0.0,0.0,0.0,0.0,0.0,0.0,0.0,0.0,0.0
barley,4.4,0.8461538461538461,7.111111111111111,5.0,4.24,1.9148936170212765,8.652173913043478,7.1818181818181825,11.222222222222221,15.090909090909092,2.666666666666667,0.0,6.666666666666667,4.615384615384615,12.4375,4.0,2.4363636363636365,0.0,1.3333333333333335,0.0,0.0,0.0
basil,0.0,0.0,0.0,0.0,0.0,0.0,0.0,0.0,0.0,0.0,0.0,0.0,0.0,0.0,0.0,0.0,0.0,0.0,0.0,0.0,0.0,0.0
beef,33.6,12.230769230769232,20.666666666666668,0.0,10.639999999999999,13.170212765957448,14.217391304347826,60.36363636363637,0.0,0.0,0.0,0.0,83.33333333333334,17.384615384615383,66.25,17.75,0.0,0.0,0.0,0.0,0.0,0.0
beet,1.6,0.8461538461538461,2.2777777777777777,3.571428571428571,1.3599999999999999,2.4468085106382977,6.478260869565218,2.3636363636363638,12.88888888888889,1.8181818181818181,0.2222222222222222,2.5555555555555554,0.8333333333333334,3.692307692307692,1.56875,6.75,2.727272727272727,0.0,0.0,0.0,0.0,0.0
bell pepper,1.43,0.576923076923077,1.0333333333333332,2.142857142857143,1.344,3.4680851063829787,0.0,1.1454545454545455,6.4222222222222225,0.0,0.0,110.55555555555556,3.2583333333333337,6.8307692307692305,3.975,5.55,0.0,0.0,0.0,0.0,4.343478260869565,0.0
berry,1.52,1.3076923076923077,3.055555555555556,3.3333333333333335,1.6,2.6382978723404253,0.043478260869565216,1.5454545454545454,7.111111111111111,0.7272727272727273,0.33333333333333337,19.333333333333332,2.416666666666667,3.0769230769230766,4.356249999999999,5.0,1.4363636363636365,0.0,0.0,0.0,0.0,0.0
blackberry,1.16,0.15384615384615385,233.33333333333334,0.0,0.0,0.0,0.0,0.0,0.0,0.0,11.88888888888889,8.88888888888889,0.0,0.0,0.0,0.0,0.0,0.0,0.0,0.0,0.0,0.0
blue cheese,42.8,41.23076923076923,0.0,0.0,0.0,0.0,59.130434782608695,0.0,0.0,0.0,118.88888888888889,0.0,0.0,0.0,0.0,0.0,0.0,0.0,18.0,0.0,0.0,0.0
blueberry,0.0,0.0,0.0,0.0,0.0,0.0,0.0,0.0,0.0,0.0,0.0,0.0,0.0,0.0,0.0,0.0,0.0,0.0,0.0,0.0,0.0,0.0
bok choy,2.04,4.7615384615384615,2.438888888888889,3.2380952380952377,2.44,4.851063829787234,0.6217391304347827,2.490909090909091,3.0666666666666664,0.0,0.0,33.666666666666664,0.0,0.0,0.0,17.0,0.0,0.0,0.0,0.0,8.521739130434785,0.0
bran,19.2,7.307692307692308,21.944444444444443,10.476190476190476,9.76,3.404255319148936,19.91304347826087,9.545454545454547,24.0,57.81818181818183,0.0,0.0,38.583333333333336,23.846153846153843,27.925,42.75,4.818181818181818,0.0,0.0,0.0,0.0,0.0
bread,7.139999999999999,0.0,0.0,0.0,0.0,0.0,15.391304347826088,0.0,0.0,0.0,0.0,0.0,0.0,0.0,0.0,0.0,0.0,0.0,0.0,0.0,0.0,0.0
brie,35.8,26923.076923076922,19.833333333333332,0.0,0.0,0.0,31.043478260869566,0.0,0.0,0.0,99.22222222222223,0.0,0.0,0.0,0.0,0.0,0.0,0.0,35.66666666666667,0.0,0.0,0.0
broccoli,4.7,4.538461538461538,4.555555555555555,0.0,0.0,4.51063829787234,1.0434782608695654,0.0,0.0,0.0,0.0,0.0,0.0,0.0,0.0,0.0,0.0,0.0,0.0,0.0,0.0,0.0
bulgur,25.0,3.4615384615384617,9.11111111111111,0.0,0.0,0.0,0.47826086956521735,0.0,0.0,0.0,0.0,0.0,0.0,0.0,0.0,0.0,0.0,0.0,0.0,0.0,0.0,0.0
burrito,18.82,4.538461538461538,11.777777777777779,0.0,0.0,0.0,18.434782608695652,0.0,0.0,0.0,26.111111111111114,3.888888888888889,0.0,0.0,0.0,0.0,0.0,0.0,6.0,0.0,0.0,0.0
butter,0.0,0.0,0.0,0.0,0.0,0.0,0.0,0.0,0.0,0.0,317.77777777777777,0.0,0.0,0.0,0.0,0.0,0.0,0.0,71.33333333333334,0.0,0.0,0.0
buttermilk,6.92,9.230769230769232,0.05555555555555555,2.619047619047619,7.359999999999999,3.361702127659574,4.0,3.909090909090909,0.1111111111111111,3.6363636363636362,4.0,1.1111111111111112,4.0,15.076923076923077,0.8,1.25,3.218181818181818,0.0,1.6666666666666667,0.0,0.0,0.0
butternut squash,2.36,3.6153846153846154,4.722222222222222,0.0,0.0,0.0,0.0,0.0,0.0,0.0,1177.7777777777778,23.555555555555554,0.0,0.0,0.0,0.0,0.0,0.0,0.0,0.0,0.0,0.0
cabbage,2.2,2.5384615384615383,13.88888888888889,3.3333333333333335,1.92,3.2127659574468086,21.65217391304348,2.0,2.6666666666666665,0.9090909090909091,0.5555555555555556,0.0,0.8333333333333334,16.153846153846153,6.875000000000001,13.0,2.8181818181818183,0.0,0.0,0.0,0.0,0.0
candy,15.380000000000003,11.846153846153847,0.0,0.0,0.0,0.0,6.695652173913043,0.0,0.0,0.0,0.0,0.0,0.0,0.0,0.0,0.0,0.0,0.0,0.0,0.0,0.0,0.0
cantaloupe,1.5,1.153846153846154,1.5000000000000002,0.0,0.0,0.0,0.826086956521739,0.0,0.0,0.0,414.44444444444446,39.77777777777777,0.0,0.0,0.0,0.0,0.0,0.0,0.0,0.0,0.0,0.0
capers,0.0,0.0,6.666666666666667,0.0,0.0,0.0,116.08695652173913,0.0,0.0,0.0,0.0,4.444444444444445,0.0,0.0,0.0,0.0,0.0,0.0,0.0,0.0,0.0,0.0
carrot,1.7399999999999998,2.769230769230769,0.6666666666666666,2.857142857142857,2.8000000000000003,5.48936170212766,3.260869565217391,1.8181818181818183,5.666666666666666,0.0,84.66666666666667,4.666666666666667,4.5,8.153846153846153,6.7125,10.0,1.4909090909090907,0.0,0.0,0.0,0.0,0.0
cashew,24.24,4.6923076923076925,27.27777777777778,49.047619047619044,31.04,9.51063829787234,12.82608695652174,40.27272727272727,195.33333333333334,16.90909090909091,0.0,0.0,13.166666666666668,12.230769230769232,6.925000000000001,13.750000000000002,8.781818181818181,0.0,0.0,0.0,0.0,0.0
cauliflower,4.7,1.8461538461538463,3.2777777777777772,0.0,0.0,4.0,1.0434782608695654,0.0,0.0,0.0,0.0,0.0,0.0,0.0,0.0,0.0,0.0,0.0,0.0,0.0,0.0,0.0
caviar,49.2,21.153846153846153,66.0,71.42857142857143,28.48,3.851063829787234,65.21739130434783,8.636363636363637,12.222222222222221,119.0909090909091,30.11111111111111,0.0,15.833333333333336,47.692307692307686,0.75,12.5,89.25454545454545,0.0,196.0,0.0,0.0,0.0
celery,0.0,2.769230769230769,1.8333333333333333,0.0,0.0,0.0,4.565217391304348,0.0,0.0,0.0,20.22222222222222,9.11111111111111,0.0,0.0,0.0,0.0,0.0,0.0,0.0,0.0,0.0,0.0
cheddar,50.0,54.92307692307692,0.0,0.0,0.0,0.0,27.956521739130437,0.0,0.0,0.0,0.0,0.0,0.0,0.0,0.0,0.0,0.0,0.0,29.666666666666668,0.0,0.0,0.0
cheese,42.2,0.0,0.0,0.0,0.0,0.0,26.043478260869563,0.0,0.0,0.0,19.555555555555557,0.0,0.0,0.0,0.0,0.0,0.0,0.0,17.666666666666668,0.0,0.0,0.0
cherry,8.0,3.076923076923077,8.0,0.0,0.0,0.0,8.695652173913043,0.0,0.0,0.0,111.11111111111111,0.0,0.0,0.0,0.0,0.0,0.0,0.0,0.0,0.0,0.0,0.0
chestnut,8.0,0.0,4.0,0.0,0.0,0.0,0.0,0.0,0.0,0.0,0.0,26.666666666666668,0.0,0.0,0.0,0.0,0.0,0.0,0.0,0.0,0.0,0.0
chicken,42.8,0.0,0.0,0.0,0.0,0.0,7.782608695652174,0.0,0.0,0.0,0.0,0.0,0.0,0.0,0.0,0.0,0.0,0.0,15.0,0.0,0.0,0.0
chickpea,38.0,7.6923076923076925,34.0,0.0,0.0,0.0,1.0434782608695654,0.0,0.0,0.0,5.555555555555555,4.0,0.0,0.0,0.0,0.0,0.0,0.0,0.0,0.0,0.0,0.0
chile pepper,21.2,3.4615384615384617,33.55555555555556,20.952380952380953,12.72,39.787234042553195,3.956521739130435,9.272727272727273,25.333333333333336,6.363636363636363,2944.4444444444443,34.888888888888886,6.75,92.3076923076923,54.1875,12.75,15.327272727272726,0.0,0.0,19.119999999999997,35.69565217391305,0.0
chili,13.56,1.3076923076923077,3.3888888888888884,0.0,0.0,0.0,18.217391304347828,0.0,0.0,0.0,23.555555555555554,0.0,0.0,0.0,0.0,0.0,0.0,0.0,5.0,0.0,0.0,0.0
chive,6.54,7.076923076923077,8.88888888888889,10.0,4.64,6.297872340425532,0.13043478260869568,5.090909090909091,17.444444444444443,1.6363636363636365,24.22222222222222,64.55555555555556,6.5,8.846153846153847,4.04375,26.25,0.9454545454545455,0.0,0.0,0.0,0.0,0.0
chocolate,5.88,0.0,23.555555555555557,0.0,0.0,0.0,1.2608695652173914,0.0,0.0,0.0,0.0,0.0,0.0,0.0,0.0,0.0,0.0,0.0,0.0,0.0,0.0,0.0
coconut,7.139999999999999,0.0,10.722222222222221,0.0,0.0,0.0,11.347826086956522,0.0,0.0,0.0,0.0,0.0,0.0,0.0,0.0,0.0,0.0,0.0,0.0,0.0,0.0,0.0
cod,24.8,2.6923076923076925,4.722222222222222,0.0,0.0,0.0,18.173913043478258,0.0,0.0,0.0,13.111111111111112,3.888888888888889,0.0,0.0,0.0,0.0,0.0,0.0,10.666666666666668,0.0,0.0,0.0
coriander,24.8,54.53846153846153,90.55555555555556,78.57142857142857,32.72,27.02127659574468,1.5217391304347827,42.727272727272734,108.33333333333333,47.63636363636364,0.0,23.333333333333332,19.916666666666664,22.307692307692307,13.3125,0.0,0.0,0.0,0.0,0.0,82.6086956521739,0.0
corn,1.6,0.23076923076923078,0.0,0.0,0.0,1.446808510638298,10.434782608695652,0.0,0.0,0.0,0.0,0.0,0.0,0.0,0.0,0.0,0.0,0.0,0.0,0.0,0.0,0.0
crab,35.76,7.000000000000001,2.7777777777777777,8.571428571428571,18.72,5.51063829787234,17.17391304347826,34.63636363636364,90.44444444444444,78.0,0.1111111111111111,3.6666666666666665,1.916666666666667,7.153846153846153,17.16875,12.75,14.70909090909091,0.0,32.33333333333333,0.0,0.0,0.0
cranberry,0.0,0.0,0.8333333333333334,0.0,0.0,0.0,0.6521739130434783,0.0,0.0,0.0,0.0,27.77777777777778,0.0,0.0,0.0,0.0,0.0,0.0,0.0,0.0,0.0,0.0
cream cheese,14.279999999999998,5.461538461538462,0.0,0.0,0.0,0.0,14.739130434782608,0.0,0.0,0.0,0.0,0.0,0.0,0.0,0.0,0.0,0.0,0.0,35.66666666666667,0.0,0.0,0.0
cucumber,1.0,1.0769230769230769,0.3888888888888889,1.9047619047619049,1.52,2.9148936170212765,10.26086956521739,1.3636363636363635,5.0,0.5454545454545454,0.33333333333333337,2.7777777777777777,1.7500000000000002,1.846153846153846,0.44999999999999996,1.5,0.7818181818181817,0.0,0.0,0.0,0.0,0.0
curry,0.0,0.0,0.0,0.0,0.0,0.0,0.0,0.0,0.0,0.0,0.0,0.0,0.0,0.0,0.0,0.0,0.0,0.0,0.0,0.0,0.0,0.0
custard,10.16,9.0,1.6666666666666667,2.857142857142857,9.68,3.361702127659574,3.6521739130434785,5.363636363636363,0.1111111111111111,13.090909090909092,9.11111111111111,0.0,4.0,14.615384615384617,0.59375,2.5,10.745454545454546,0.0,26.666666666666668,0.0,0.0,0.0
dairy,6.660000000000001,8.0,0.0,0.0,0.0,0.0,2.0,0.0,0.0,0.0,13.88888888888889,0.5555555555555556,0.0,0.0,0.0,0.0,0.0,0.0,5.0,0.0,0.0,0.0
date,4.9,3.0,5.666666666666667,10.238095238095237,4.96,13.957446808510637,0.08695652173913043,2.6363636363636362,22.888888888888886,5.454545454545454,0.0,0.4444444444444444,4.333333333333334,5.076923076923077,7.9625,4.75,1.1454545454545453,0.0,0.0,0.0,0.0,0.0
duck,0.72,0.8461538461538461,2.166666666666667,1.1904761904761905,0.72,1.8510638297872342,30.956521739130434,1.909090909090909,4.111111111111111,2.3636363636363638,0.8888888888888888,1.0,1.916666666666667,1.0769230769230769,1.49375,0.5,0.3090909090909091,0.0,0.0,0.0,0.0,0.0
egg,12.82,9.846153846153847,0.0,0.0,0.0,0.0,7.652173913043478,0.0,0.0,0.0,0.0,0.0,0.0,0.0,0.0,0.0,0.0,0.0,10.666666666666668,0.0,0.0,0.0
eggplant,9.6,2.6923076923076925,9.388888888888888,19.761904761904763,13.120000000000001,5.617021276595745,9.086956521739129,12.363636363636363,43.77777777777778,17.636363636363637,0.7777777777777778,7.888888888888888,19.166666666666668,9.461538461538462,10.15,9.75,2.0,0.0,0.0,0.0,0.0,0.0
endive,2.5,4.0,4.611111111111111,3.571428571428571,2.2399999999999998,6.680851063829787,0.9565217391304347,7.1818181818181825,11.0,0.36363636363636365,12.0,7.222222222222221,6.666666666666667,5.769230769230769,2.5,35.5,3.0545454545454547,0.0,0.0,18.0,18.26086956521739,0.0
fennel,2.84,4.3076923076923075,4.666666666666666,4.523809523809524,4.5600000000000005,10.042553191489361,8.782608695652174,2.090909090909091,8.333333333333332,1.4545454545454546,7.222222222222221,12.88888888888889,0.8333333333333334,2.6923076923076925,4.33125,6.5,2.7818181818181817,0.0,0.6666666666666667,0.0,0.0,0.0
feta,0.0,0.0,0.0,0.0,0.0,0.0,29.52173913043478,0.0,0.0,0.0,0.0,0.0,0.0,0.0,0.0,0.0,0.0,0.0,0.0,0.0,0.0,0.0
fig,0.0,1.153846153846154,0.0,0.0,0.0,2.2340425531914896,0.21739130434782608,0.0,0.0,0.0,0.0,0.0,0.0,0.0,0.0,0.0,0.0,0.0,0.0,0.0,0.0,0.0
fish,22.0,1.2307692307692308,4.666666666666666,5.952380952380952,15.28,3.9361702127659575,17.47826086956522,3.818181818181818,6.5555555555555545,28.545454545454547,0.4444444444444444,0.0,10.166666666666666,8.923076923076923,9.625,6.0,7.781818181818181,0.0,9.333333333333334,5.44,7.91304347826087,0.0
garlic,0.0,51.30769230769231,0.0,0.0,0.0,0.0,0.0,0.0,0.0,0.0,0.0,88.88888888888889,0.0,0.0,0.0,0.0,0.0,0.0,0.0,0.0,0.0,0.0
goat cheese,50.0,54.92307692307692,0.0,0.0,0.0,0.0,29.52173913043478,0.0,0.0,0.0,198.88888888888889,4.777777777777778,0.0,0.0,0.0,0.0,0.0,0.0,32.0,0.0,0.0,0.0
gouda,50.0,54.92307692307692,0.0,0.0,0.0,0.0,40.391304347826086,0.0,0.0,0.0,118.88888888888889,0.0,0.0,0.0,0.0,0.0,0.0,0.0,35.66666666666667,0.0,0.0,0.0
grape,0.0,0.0,0.0,0.0,0.0,0.0,0.13043478260869568,0.0,0.0,0.0,0.0,22.555555555555557,0.0,0.0,0.0,0.0,0.0,0.0,0.0,0.0,0.0,0.0
grapefruit,0.0,0.0,0.0,0.0,0.0,0.0,0.0,0.0,0.0,0.0,0.0,0.0,0.0,0.0,0.0,0.0,0.0,0.0,0.0,0.0,0.0,0.0
green bean,0.0,1.3076923076923077,1.6666666666666667,0.0,0.0,0.0,14.000000000000002,0.0,0.0,0.0,27.555555555555557,0.0,0.0,0.0,0.0,0.0,0.0,0.0,0.0,0.0,0.0,0.0
ham,38.08,0.6153846153846154,4.666666666666666,4.761904761904762,22.08,7.8936170212765955,49.95652173913043,16.727272727272727,13.777777777777779,61.45454545454545,1.4444444444444444,0.0,35.5,14.692307692307693,37.84375,0.25,13.745454545454544,0.0,18.0,0.0,0.0,0.0
hamburger,7.06,0.0,2.333333333333333,0.0,0.0,0.0,14.304347826086957,0.0,0.0,0.0,0.0,0.0,0.0,0.0,0.0,0.0,0.0,0.0,8.0,0.0,0.0,0.0
hazelnut,14.64,11.23076923076923,24.38888888888889,0.0,0.0,0.0,3.173913043478261,0.0,0.0,0.0,0.0,0.0,0.0,0.0,0.0,0.0,0.0,0.0,4.0,0.0,0.0,0.0
honey,0.6,0.46153846153846156,2.333333333333333,0.4761904761904762,0.32,1.1063829787234043,0.17391304347826086,2.0,3.9999999999999996,1.4545454545454546,0.0,0.5555555555555556,0.0,2.923076923076923,0.75625,0.5,0.4,0.0,0.0,1.36,3.4782608695652173,0.0
hummus,14.279999999999998,5.461538461538462,7.166666666666667,0.0,0.0,0.0,20.17391304347826,0.0,0.0,0.0,39.666666666666664,9.555555555555555,0.0,0.0,0.0,0.0,0.0,0.0,0.0,0.0,0.0,0.0
ice cream,6.16,9.461538461538462,0.0,0.0,0.0,3.9361702127659575,2.3478260869565215,0.0,0.0,0.0,34.22222222222222,0.0,0.0,0.0,0.0,0.0,0.0,0.0,12.666666666666668,0.0,0.0,0.0
jalape√±o,34.4,4.0,1.8888888888888888,0.0,0.0,2.1914893617021276,34.47826086956522,0.0,0.0,0.0,0.0,0.0,0.0,0.0,0.0,0.0,0.0,0.0,23.0,0.0,0.0,0.0
kale,7.08,10.23076923076923,8.833333333333334,8.333333333333332,4.24,9.51063829787234,1.9130434782608694,0.0,29.444444444444446,0.0,1722.2222222222222,135.55555555555557,0.0,9.23076923076923,6.625,7.000000000000001,0.0,0.0,0.0,0.0,43.47826086956522,0.0
kiwi,2.7,3.1538461538461537,1.3333333333333333,0.0,0.0,6.617021276595744,0.0,0.0,0.0,0.0,7.555555555555555,103.55555555555556,0.0,0.0,0.0,0.0,0.0,0.0,0.0,0.0,0.0,0.0
lamb,34.0,0.0,8.055555555555555,0.0,0.0,0.0,3.304347826086956,0.0,0.0,0.0,0.0,0.0,0.0,0.0,0.0,0.0,0.0,0.0,23.666666666666668,0.0,0.0,0.0
lemon,0.0,0.0,0.0,0.0,0.0,0.0,34.78260869565217,0.0,0.0,0.0,0.0,4.444444444444445,0.0,0.0,0.0,0.0,0.0,0.0,0.0,0.0,0.0,0.0
lentil,7.359999999999999,1.9230769230769231,7.888888888888888,5.476190476190476,6.239999999999999,6.212765957446809,16.652173913043477,5.363636363636363,17.11111111111111,2.727272727272727,4.111111111111112,8.555555555555555,5.833333333333334,4.769230769230769,5.0375000000000005,15.75,3.472727272727273,0.0,0.0,0.0,0.0,0.0
lettuce,1.8399999999999999,2.3846153846153846,1.4444444444444446,2.619047619047619,1.8399999999999999,5.297872340425532,1.0,2.3636363636363638,4.444444444444445,1.0909090909090908,33.55555555555556,8.88888888888889,5.500000000000001,4.923076923076923,2.0187500000000003,9.5,1.9090909090909092,0.0,0.0,0.0,0.0,0.0
lima bean,14.499999999999998,1.2307692307692308,12.388888888888888,9.523809523809524,8.24,10.042553191489361,9.478260869565219,8.0,24.22222222222222,7.636363636363637,0.0,0.0,11.833333333333334,3.769230769230769,2.325,18.25,5.49090909090909,0.0,0.0,0.0,0.0,0.0
lime,17.64,3.0,7.4444444444444455,4.761904761904762,11.600000000000001,3.042553191489362,3.4347826086956523,11.363636363636363,12.88888888888889,35.63636363636364,12.222222222222221,5.555555555555555,8.083333333333334,20.53846153846154,0.8187500000000001,9.0,30.69090909090909,0.0,83.33333333333334,0.0,0.0,0.0
lobster,41.82,8.153846153846153,1.8333333333333333,11.428571428571429,16.32,5.382978723404255,23.26086956521739,40.63636363636363,189.77777777777777,146.36363636363637,0.1111111111111111,0.0,1.8333333333333333,1.3076923076923077,11.95625,2.25,16.18181818181818,0.0,53.666666666666664,0.0,0.0,0.0
macaroni and cheese,6.800000000000001,2.923076923076923,1.5000000000000002,0.0,0.0,0.0,16.08695652173913,0.0,0.0,0.0,2.2222222222222223,0.0,0.0,0.0,0.0,0.0,0.0,0.0,0.6666666666666667,0.0,0.0,0.0
mango,5.0,2.923076923076923,0.0,0.0,0.0,18.617021276595743,0.0,0.0,0.0,0.0,0.0,0.0,0.0,0.0,0.0,0.0,0.0,0.0,0.0,0.0,0.0,0.0
maple syrup,0.0,7.6923076923076925,0.0,0.0,0.0,6.021276595744681,0.08695652173913043,0.0,0.0,0.0,0.0,0.0,0.0,0.0,0.0,0.0,0.0,0.0,0.0,0.0,0.0,0.0
mayonnaise,0.0,0.0,0.0,0.0,0.0,0.0,28.999999999999996,0.0,0.0,0.0,0.0,0.0,0.0,0.0,0.0,0.0,0.0,0.0,27.666666666666668,0.0,0.0,0.0
meatball,14.06,4.769230769230769,11.722222222222221,0.0,0.0,3.829787234042553,22.434782608695652,0.0,0.0,0.0,17.333333333333336,0.0,0.0,0.0,0.0,0.0,0.0,0.0,1.3333333333333335,0.0,0.0,0.0
melon,1.32,0.5384615384615384,1.4444444444444446,2.619047619047619,1.04,3.5319148936170213,0.6956521739130435,1.909090909090909,5.555555555555556,1.6363636363636365,9.777777777777779,13.666666666666668,3.3333333333333335,1.5384615384615383,2.6875,3.0,1.1636363636363638,0.0,0.0,0.0,0.0,0.0
mint,0.0,0.0,0.0,0.0,0.0,0.0,0.0,0.0,0.0,0.0,0.0,0.0,0.0,0.0,0.0,0.0,0.0,0.0,0.0,0.0,0.0,0.0
mushroom,1.76,2.076923076923077,4.888888888888889,0.0,0.0,7.1489361702127665,15.782608695652172,0.0,0.0,0.0,0.0,0.0,0.0,0.0,0.0,0.0,0.0,0.0,0.0,0.0,0.0,0.0
mussel,30.12,2.5384615384615383,27.77777777777778,10.238095238095237,19.919999999999998,8.617021276595745,15.739130434782608,18.363636363636363,13.222222222222221,103.0909090909091,6.444444444444445,9.0,14.333333333333334,19.46153846153846,12.025,10.0,14.963636363636363,0.0,11.666666666666666,0.0,0.0,0.0
mustard,8.5,4.846153846153846,8.833333333333334,11.428571428571429,8.64,3.1914893617021276,47.82608695652174,5.818181818181818,8.222222222222221,61.81818181818181,0.4444444444444444,0.4444444444444444,15.75,5.076923076923077,3.5062500000000005,1.7500000000000002,4.072727272727272,0.0,0.0,0.0,0.0,0.0
nutmeg,0.0,0.0,0.0,0.0,0.0,0.0,0.0,0.0,0.0,0.0,0.0,0.0,0.0,0.0,0.0,0.0,0.0,0.0,0.0,0.0,0.0,0.0
oatmeal,0.0,25.615384615384617,133.33333333333331,0.0,0.0,0.0,0.47826086956521735,0.0,0.0,0.0,617.7777777777778,74.11111111111111,0.0,0.0,0.0,0.0,0.0,0.0,0.0,0.0,0.0,0.0
olive,1.46,4.615384615384616,18.88888888888889,1.1904761904761905,0.24,0.3617021276595745,36.30434782608696,1.0909090909090908,18.0,1.2727272727272725,1.5555555555555556,0.4444444444444444,0.6666666666666667,0.15384615384615385,0.5625,0.25,1.7272727272727273,0.0,0.0,0.0,0.0,0.0
omelet,2.2,1.0769230769230769,1.7777777777777777,3.0952380952380953,2.4,5.914893617021277,0.26086956521739135,1.909090909090909,7.888888888888888,0.18181818181818182,4.777777777777778,21.22222222222222,3.6666666666666665,2.076923076923077,4.03125,3.5000000000000004,1.3454545454545455,0.0,0.0,0.0,0.0,0.0
onion,21.8,1.2307692307692308,19.555555555555557,0.0,0.0,0.0,18.695652173913043,0.0,0.0,0.0,8.666666666666668,0.0,83.33333333333334,25.538461538461537,29.312500000000004,0.0,0.0,0.0,0.0,0.0,0.0,0.0
orange,9.52,0.0,0.0,0.0,0.0,0.0,16.565217391304348,0.0,0.0,0.0,0.0,0.0,0.0,0.0,0.0,0.0,0.0,0.0,0.0,0.0,0.0,0.0
oregano,0.0,0.0,0.0,0.0,0.0,0.0,0.0,0.0,0.0,0.0,0.0,0.0,0.0,0.0,0.0,0.0,0.0,0.0,0.0,0.0,0.0,0.0
oyster,9.9,7.461538461538461,13.444444444444445,4.285714285714286,5.36,2.893617021276596,21.869565217391305,91.0909090909091,80.33333333333333,22.727272727272727,11.11111111111111,2.0,12.333333333333334,8.692307692307692,11.475,11.5,4.3999999999999995,0.0,3.3333333333333335,0.0,0.0,0.0
pancake,8.1,1.3076923076923077,12.88888888888889,3.571428571428571,4.96,1.3191489361702127,0.21739130434782608,5.636363636363637,13.666666666666666,15.636363636363635,0.0,0.0,21.833333333333336,1.9230769230769231,14.86875,38.5,0.6,0.0,0.0,0.0,0.0,0.0
papaya,5.0,11.538461538461538,0.0,0.0,0.0,0.0,0.782608695652174,0.0,0.0,0.0,20.0,6.666666666666667,0.0,0.0,0.0,0.0,0.0,0.0,0.0,0.0,0.0,0.0
paprika,0.0,0.0,0.0,0.0,0.0,0.0,0.0,0.0,0.0,0.0,5555.555555555556,0.0,0.0,0.0,0.0,0.0,0.0,0.0,0.0,0.0,0.0,0.0
parmesan,56.8,65.61538461538461,2.722222222222222,8.095238095238095,50.160000000000004,3.829787234042553,78.26086956521739,38.18181818181819,4.444444444444445,62.54545454545454,29.11111111111111,0.0,2.166666666666667,27.538461538461533,0.5,1.5,2.5636363636363635,0.0,28.666666666666668,9.0,3.0869565217391304,0.0
parsley,0.0,0.0,0.0,0.0,0.0,0.0,0.0,0.0,0.0,0.0,0.0,0.0,0.0,0.0,0.0,0.0,0.0,0.0,0.0,0.0,0.0,0.0
parsnip,2.58,2.769230769230769,3.111111111111111,6.666666666666667,5.36,7.574468085106383,5.695652173913043,2.272727272727273,14.888888888888891,2.909090909090909,1.2222222222222223,13.999999999999998,6.666666666666667,3.8461538461538463,4.38125,14.000000000000002,4.8,0.0,0.6666666666666667,0.0,0.0,0.0
pasta,25.0,0.0,17.833333333333336,0.0,0.0,0.0,0.0,0.0,0.0,0.0,0.0,0.0,83.33333333333334,23.384615384615383,33.5,0.0,0.0,0.0,0.0,0.0,0.0,0.0
peanut,18.18,4.6923076923076925,6.055555555555555,0.0,0.0,0.0,1.956521739130435,0.0,0.0,0.0,33.666666666666664,4.0,0.0,0.0,0.0,0.0,0.0,0.0,5.0,0.0,0.0,0.0
pear,0.74,0.6923076923076923,1.0,1.6666666666666667,0.88,2.2127659574468086,0.13043478260869568,0.8181818181818181,8.555555555555555,0.18181818181818182,0.1111111111111111,4.777777777777778,1.0,1.9999999999999998,1.0125,1.7500000000000002,0.9272727272727272,0.0,0.0,0.0,0.0,0.0
pecan,18.34,5.384615384615385,14.055555555555554,28.809523809523807,22.16,8.72340425531915,0.0,41.18181818181819,133.33333333333331,6.909090909090909,0.33333333333333337,1.2222222222222223,55.00000000000001,10.0,7.3125,5.5,7.363636363636364,0.0,0.0,17.26,195.6521739130435,0.0
pepper,0.0,33.61538461538461,160.55555555555554,0.0,0.0,0.0,0.0,0.0,0.0,0.0,21.11111111111111,23.333333333333332,0.0,0.0,0.0,0.0,0.0,0.0,0.0,0.0,0.0,0.0
persimmon,3.08,1.6923076923076923,2.333333333333333,5.714285714285714,3.5999999999999996,9.127659574468085,0.13043478260869568,2.727272727272727,33.666666666666664,3.4545454545454546,12.0,4.444444444444445,4.666666666666667,4.384615384615385,1.49375,2.75,3.672727272727273,0.0,0.0,0.0,0.0,0.0
pineapple,0.0,2.769230769230769,3.5555555555555554,0.0,0.0,0.0,0.782608695652174,0.0,0.0,0.0,0.0,0.0,0.0,0.0,0.0,0.0,0.0,0.0,0.0,0.0,0.0,0.0
pistachio,40.0,10.23076923076923,26.666666666666668,47.61904761904761,40.0,0.0,16.652173913043477,0.0,147.77777777777777,0.0,37.0,4.444444444444445,0.0,0.0,0.0,0.0,0.0,0.0,0.0,0.0,0.0,0.0
pizza,13.600000000000001,7.846153846153846,10.222222222222223,0.0,0.0,0.0,17.434782608695652,0.0,0.0,0.0,15.11111111111111,6.777777777777777,0.0,0.0,0.0,0.0,0.0,0.0,1.0,0.0,0.0,0.0
plum,1.4,0.46153846153846156,0.9444444444444444,1.6666666666666667,1.28,3.3404255319148937,0.0,0.9090909090909092,6.333333333333334,0.0,1.8888888888888888,10.555555555555555,2.3333333333333335,1.9999999999999998,2.6062499999999997,1.25,0.34545454545454546,0.0,0.0,0.0,0.0,0.0
pomegranate,0.0,0.6153846153846154,0.0,0.0,0.0,0.0,0.6521739130434783,0.0,0.0,0.0,0.0,6.888888888888889,0.0,0.0,0.0,0.0,0.0,0.0,0.0,0.0,0.0,0.0
pork,42.8,0.0,7.166666666666667,0.0,0.0,0.0,9.304347826086957,0.0,0.0,0.0,0.0,0.0,0.0,0.0,0.0,0.0,0.0,0.0,26.666666666666668,0.0,0.0,0.0
potato,7.780000000000001,2.5384615384615383,4.166666666666666,3.0952380952380953,6.16,4.659574468085107,9.521739130434783,4.0,1.9999999999999998,11.454545454545455,7.111111111111111,0.5555555555555556,8.916666666666668,10.999999999999998,6.2,5.75,9.763636363636365,0.0,24.666666666666668,0.0,0.0,0.0
poultry,1.42,0.7692307692307693,0.5,0.7142857142857143,1.6,0.8936170212765958,16.91304347826087,0.7272727272727273,2.111111111111111,0.7272727272727273,0.1111111111111111,0.0,2.0,4.076923076923077,1.7812499999999998,0.5,0.6727272727272727,0.0,1.6666666666666667,0.0,0.0,0.0
prosciutto,50.0,0.0,7.166666666666667,0.0,0.0,0.0,99.56521739130434,0.0,0.0,0.0,0.0,0.0,0.0,0.0,0.0,0.0,0.0,0.0,29.666666666666668,0.0,0.0,0.0
prune,4.2,2.3846153846153846,15.555555555555555,0.0,5.76,18.127659574468087,1.0,0.0,0.0,0.0,11.11111111111111,4.777777777777778,3.3333333333333335,0.0,15.625,0.0,0.0,0.0,0.0,8.6,0.0,0.0
pumpkin,1.6,1.8461538461538463,8.88888888888889,0.0,0.0,0.0,0.17391304347826086,0.0,0.0,0.0,0.0,0.0,0.0,0.0,0.0,0.0,0.0,0.0,0.0,0.0,0.0,0.0
quail,50.0,1.153846153846154,24.5,5.238095238095238,22.24,4.574468085106383,9.304347826086957,28.09090909090909,65.55555555555556,39.45454545454545,7.777777777777778,2.5555555555555554,18.25,23.0,49.293749999999996,1.5,11.927272727272726,0.0,28.666666666666668,0.0,0.0,0.0
quinoa,28.6,0.0,21.444444444444443,0.0,0.0,0.0,0.0,0.0,0.0,0.0,0.0,0.0,0.0,0.0,0.0,0.0,0.0,0.0,0.0,0.0,0.0,0.0
radish,1.36,1.9230769230769231,1.8888888888888888,2.380952380952381,1.6,4.957446808510638,1.6956521739130437,2.5454545454545454,5.555555555555556,1.0909090909090908,0.0,16.444444444444446,1.0,3.0,1.5875,6.25,1.1818181818181819,0.0,0.0,0.0,0.0,0.0
raisin,20.4,2.6153846153846154,16.944444444444443,0.0,0.0,0.0,15.478260869565217,0.0,0.0,0.0,0.0,6.777777777777777,0.0,22.153846153846153,21.1875,0.0,0.0,0.0,0.0,0.0,0.0,0.0
raspberry,0.0,0.0,0.0,0.0,0.0,2.74468085106383,0.34782608695652173,0.0,0.0,0.0,0.0,0.5555555555555556,0.0,0.0,0.0,0.0,0.0,0.0,0.0,0.0,0.0,0.0
rice,6.94,2.1538461538461537,10.444444444444443,0.0,0.0,0.0,20.217391304347824,0.0,0.0,0.0,7.666666666666666,2.7777777777777777,0.0,0.0,0.0,0.0,0.0,0.0,0.0,0.0,0.0,0.0
ricotta,19.2,19.076923076923077,1.5000000000000002,4.285714285714286,13.76,3.7872340425531914,4.434782608695651,8.636363636363637,1.8888888888888888,20.18181818181818,13.0,0.0,2.666666666666667,19.692307692307693,0.76875,2.0,3.0727272727272723,0.0,13.333333333333334,0.0,0.0,0.0
rosemary,0.0,0.0,0.0,0.0,0.0,0.0,0.0,0.0,0.0,0.0,0.0,0.0,0.0,0.0,0.0,0.0,0.0,0.0,0.0,0.0,0.0,0.0
salmon,30.4,1.0,2.6666666666666665,0.0,0.0,0.0,14.391304347826086,0.0,0.0,0.0,14.666666666666666,0.8888888888888888,0.0,0.0,0.0,0.0,0.0,0.0,15.333333333333332,0.0,0.0,0.0
salsa,5.88,4.538461538461538,0.0,0.0,0.0,0.0,35.82608695652174,0.0,0.0,0.0,0.0,0.0,0.0,0.0,0.0,0.0,0.0,0.0,5.0,0.0,0.0,0.0
sausage,21.4,2.076923076923077,20.0,0.0,0.0,0.0,87.39130434782608,0.0,0.0,0.0,14.777777777777779,1.7777777777777777,0.0,0.0,0.0,0.0,0.0,0.0,13.333333333333334,0.0,0.0,0.0
scallop,22.16,1.4615384615384615,6.5555555555555545,5.238095238095238,22.16,3.829787234042553,20.26086956521739,7.636363636363636,5.0,23.272727272727273,0.33333333333333337,0.0,12.5,6.461538461538462,9.59375,11.75,10.236363636363636,0.0,8.333333333333332,0.0,0.0,0.0
seafood,16.06,1.3846153846153846,6.666666666666667,3.3333333333333335,6.959999999999999,2.382978723404255,26.47826086956522,6.2727272727272725,8.777777777777777,20.18181818181818,2.7777777777777777,11.777777777777777,10.666666666666668,6.692307692307692,14.256250000000001,12.25,4.290909090909091,0.0,8.333333333333332,0.0,0.0,0.0
sesame,6.2,1.4615384615384615,3.3333333333333335,0.0,2.96,3.3404255319148937,43.47826086956522,0.9090909090909092,0.0,2.909090909090909,0.2222222222222222,0.0,0.0,0.0,0.0,0.0,0.7272727272727273,0.0,0.0,0.0,0.0,0.0
shallot,5.0,2.8461538461538463,6.666666666666667,5.0,4.8,7.106382978723404,0.5217391304347827,3.6363636363636367,9.777777777777777,2.1818181818181817,0.0,8.88888888888889,5.0,1.5384615384615383,1.25,8.5,2.0545454545454547,0.0,0.0,5.8,12.695652173913045,0.0
shrimp,23.6,5.461538461538462,2.333333333333333,0.0,0.0,0.0,21.478260869565215,0.0,0.0,0.0,0.0,0.0,0.0,0.0,0.0,0.0,0.0,0.0,37.333333333333336,0.0,0.0,0.0
spinach,7.06,7.230769230769231,17.666666666666668,0.0,0.0,0.0,3.5652173913043477,0.0,0.0,0.0,718.8888888888889,31.333333333333336,0.0,0.0,0.0,47.0,0.0,0.0,0.0,0.0,0.0,0.0
squash,1.3,1.6153846153846154,1.8333333333333333,2.619047619047619,1.1199999999999999,2.425531914893617,6.0,1.7272727272727273,3.7777777777777777,0.5454545454545454,1.8888888888888888,3.7777777777777777,3.0833333333333335,1.6153846153846154,4.9,2.0,1.3636363636363635,0.0,0.6666666666666667,0.0,0.0,0.0
steak,0.0,0.0,0.0,0.0,0.0,0.0,0.0,0.0,0.0,0.0,0.0,0.0,0.0,0.0,0.0,0.0,0.0,0.0,0.0,0.0,0.0,0.0
strawberry,6.660000000000001,5.153846153846154,0.0,0.0,0.0,0.0,2.9130434782608696,0.0,0.0,0.0,0.0,0.0,0.0,0.0,0.0,0.0,0.0,0.0,0.0,0.0,0.0,0.0
sugar snap pea,4.54,2.6153846153846154,4.444444444444445,0.0,0.0,3.872340425531915,0.0,0.0,0.0,0.0,0.0,0.0,0.0,0.0,0.0,0.0,0.0,0.0,0.0,0.0,0.0,0.0
swiss cheese,52.2,66.92307692307692,0.0,0.0,0.0,0.0,8.521739130434783,0.0,0.0,0.0,96.66666666666667,0.0,0.0,0.0,0.0,0.0,0.0,0.0,28.999999999999996,0.0,0.0,0.0
tangerine,0.0,0.0,0.0,0.0,0.0,0.0,0.6086956521739131,0.0,0.0,0.0,0.0,0.0,0.0,0.0,0.0,0.0,0.0,0.0,0.0,0.0,0.0,0.0
tapioca,0.0,0.0,0.0,0.0,0.0,0.0,0.0,0.0,0.0,0.0,0.0,0.0,0.0,0.0,0.0,0.0,0.0,0.0,0.0,0.0,0.0,0.0
tarragon,0.0,0.0,0.0,0.0,0.0,0.0,0.0,0.0,0.0,0.0,0.0,0.0,0.0,0.0,0.0,0.0,0.0,0.0,0.0,0.0,0.0,0.0
tea,0.0,0.0,0.0,0.0,0.0,0.0,0.08695652173913043,0.0,0.0,0.0,0.0,0.0,0.0,0.0,0.0,0.0,0.0,0.0,0.0,0.0,0.0,0.0
thyme,0.0,0.0,0.0,0.0,0.0,0.0,0.0,0.0,0.0,0.0,0.0,0.0,0.0,0.0,0.0,0.0,0.0,0.0,0.0,0.0,0.0,0.0
tilapia,37.6,1.3846153846153846,3.5555555555555554,0.0,0.0,0.0,19.39130434782609,0.0,0.0,0.0,0.0,1.2222222222222223,0.0,0.0,0.0,0.0,0.0,0.0,15.0,0.0,0.0,0.0
tofu,0.0,0.0,0.0,0.0,0.0,0.0,0.0,0.0,0.0,0.0,0.0,0.0,0.0,0.0,0.0,0.0,0.0,0.0,0.0,0.0,0.0,0.0
tomato,0.0,0.0,0.0,0.0,0.0,0.0,0.0,0.0,0.0,0.0,0.0,0.0,0.0,0.0,0.0,0.0,0.0,0.0,0.0,0.0,0.0,0.0
trout,34.16,2.6153846153846154,6.277777777777777,5.714285714285714,15.6,6.617021276595744,16.608695652173914,4.454545454545455,6.888888888888889,38.36363636363637,6.333333333333334,2.0,18.583333333333336,10.615384615384615,32.868750000000006,11.25,10.236363636363636,0.0,17.0,0.0,0.0,0.0
tuna,11.32,2.923076923076923,3.7777777777777777,0.0,0.0,0.0,19.26086956521739,0.0,0.0,0.0,41.888888888888886,6.333333333333334,0.0,0.0,0.0,0.0,0.0,0.0,1.6666666666666667,0.0,0.0,0.0
turnip,4.92,8.76923076923077,9.055555555555555,4.285714285714286,1.92,1.7446808510638296,0.782608695652174,1.4545454545454546,5.666666666666666,1.6363636363636365,678.8888888888889,28.666666666666668,3.6666666666666665,6.769230769230769,2.4250000000000003,10.25,0.0,0.0,0.0,2.46,9.565217391304348,0.0
vanilla,7.000000000000001,9.0,1.8888888888888888,2.619047619047619,8.4,3.3404255319148937,2.6521739130434785,4.2727272727272725,0.8888888888888888,6.363636363636363,20.22222222222222,0.0,3.416666666666667,12.846153846153847,0.5125000000000001,2.25,4.7272727272727275,0.0,30.666666666666664,0.0,0.0,0.0
veal,35.64,1.0769230769230769,5.833333333333333,5.714285714285714,11.360000000000001,4.48936170212766,6.391304347826086,10.545454545454545,14.222222222222221,32.54545454545455,4.777777777777778,1.5555555555555556,8.25,20.53846153846154,33.31875,5.5,15.981818181818182,0.0,18.333333333333332,0.0,0.0,0.0
vegetable,4.6,2.1538461538461537,4.611111111111111,5.0,2.2399999999999998,3.5744680851063833,1.3478260869565217,2.3636363636363638,7.777777777777778,1.2727272727272725,674.4444444444445,6.333333333333334,5.083333333333333,5.3076923076923075,4.86875,10.0,2.4363636363636365,0.0,0.0,5.2,0.0,0.0
walnut,20.6,15.923076923076923,20.666666666666668,0.0,0.0,0.0,2.2608695652173916,0.0,0.0,0.0,0.0,0.0,0.0,0.0,0.0,0.0,0.0,0.0,5.666666666666666,0.0,0.0,0.0
wasabi,4.46,3.1538461538461537,2.7777777777777777,5.0,2.08,3.872340425531915,147.3913043478261,5.545454545454545,6.111111111111111,4.0,0.0,0.0,4.166666666666667,5.384615384615385,1.0,2.5,0.41818181818181815,0.0,0.0,0.0,5.9565217391304355,0.0
watermelon,1.56,0.0,0.0,0.0,0.0,0.0,0.0,0.0,0.0,0.0,0.0,0.0,0.0,0.0,0.0,0.0,0.0,0.0,0.0,0.0,0.0,0.0
wild rice,26.6,0.0,8.88888888888889,0.0,26.640000000000004,5.680851063829787,0.0,30.272727272727273,0.0,0.0,0.0,0.0,0.0,17.46153846153846,41.6875,0.0,0.0,0.0,0.0,0.0,0.0,0.0
yellow squash,2.0,0.7692307692307693,2.0,0.0,0.0,0.0,0.43478260869565216,0.0,0.0,0.0,22.22222222222222,18.666666666666668,0.0,0.0,0.0,0.0,0.0,0.0,0.0,0.0,0.0,0.0
yogurt,5.88,9.076923076923077,0.0,0.0,0.0,0.0,1.7826086956521738,0.0,0.0,0.0,6.555555555555556,0.7777777777777778,0.0,0.0,0.0,0.0,0.0,0.0,4.0,0.0,0.0,0.0
zucchini,2.1,1.6153846153846154,2.4444444444444446,0.0,0.0,4.723404255319149,0.0,0.0,0.0,0.0,0.0,13.999999999999998,0.0,0.0,0.0,0.0,0.0,0.0,0.0,0.0,0.0,0.0
